{
  "started_at": 1776959213.3224561,
  "ingest_events": 37,
  "query_events": 66,
  "impact_events": 54,
  "finished_at": 1776959342.047713
}
